{
  "model_info": {
    "model_name": "OptimizedTransformerPolicy",
    "obs_dim": 42,
    "action_dim": 42,
    "d_model": 256,
    "total_parameters": 3209130,
    "parameter_size_mb": 12.241859436035156
  },
  "training_stats": {
    "best_val_loss": 0.3376784125963847,
    "epochs": 30,
    "training_time_hours": 0.0023581761121749876,
    "model_info": {
      "model_name": "OptimizedTransformerPolicy",
      "obs_dim": 42,
      "action_dim": 42,
      "d_model": 256,
      "total_parameters": 3209130,
      "parameter_size_mb": 12.241859436035156
    },
    "config": {
      "num_epochs": 30,
      "batch_size": 4,
      "learning_rate": 0.0001,
      "weight_decay": 0.0001,
      "sequence_length": 32
    }
  },
  "evaluation_metrics": {
    "accuracy": {
      "overall_metrics": {
        "mse": 0.33774706721305847,
        "mae": 0.4845999479293823,
        "rmse": 0.5811601046295749,
        "max_error": 2.2334723472595215,
        "samples_evaluated": 11
      },
      "per_dimension": {
        "mse": [
          0.3570302128791809,
          0.2804369628429413,
          0.32571908831596375,
          0.30391576886177063,
          0.30332812666893005,
          0.39285123348236084,
          0.2948366105556488,
          0.37525323033332825,
          0.41951319575309753,
          0.3527379333972931,
          0.3414163589477539,
          0.319783091545105,
          0.33591222763061523,
          0.2990763485431671,
          0.32539376616477966,
          0.3425368070602417,
          0.3566461205482483,
          0.3019460439682007,
          0.41563308238983154,
          0.32377132773399353,
          0.34555289149284363,
          0.30084940791130066,
          0.317992627620697,
          0.39206570386886597,
          0.3211468458175659,
          0.2953910827636719,
          0.34054234623908997,
          0.41379088163375854,
          0.3563027083873749,
          0.3440289795398712,
          0.2873282730579376,
          0.41319453716278076,
          0.3552132546901703,
          0.33594292402267456,
          0.30644187331199646,
          0.3066689968109131,
          0.32781392335891724,
          0.3355967104434967,
          0.27823150157928467,
          0.3986189067363739,
          0.3665056526660919,
          0.27841854095458984
        ],
        "mae": [
          0.49924105405807495,
          0.464793860912323,
          0.4933128356933594,
          0.4648640751838684,
          0.46327924728393555,
          0.5227659344673157,
          0.4559445381164551,
          0.5178300142288208,
          0.5460744500160217,
          0.49537983536720276,
          0.48594170808792114,
          0.47524937987327576,
          0.4855918884277344,
          0.4519146978855133,
          0.47850343585014343,
          0.47999390959739685,
          0.5020865797996521,
          0.46747887134552,
          0.5407503843307495,
          0.46325284242630005,
          0.4888015687465668,
          0.4546894133090973,
          0.4785205125808716,
          0.5293420553207397,
          0.4703366160392761,
          0.45004862546920776,
          0.47728967666625977,
          0.5395241379737854,
          0.49360597133636475,
          0.5039599537849426,
          0.4371064007282257,
          0.5301946401596069,
          0.49494263529777527,
          0.4736463725566864,
          0.46250849962234497,
          0.4445185959339142,
          0.4818817377090454,
          0.4823867976665497,
          0.43949708342552185,
          0.525235116481781,
          0.4974522590637207,
          0.4434610605239868
        ]
      },
      "data_shapes": {
        "predictions": [
          11,
          32,
          42
        ],
        "targets": [
          11,
          32,
          42
        ]
      }
    },
    "single_step": {
      "single_step": {
        "mean_error": 0.5941846966743469,
        "std_error": 0.06543505194821217,
        "max_error": 0.6972332000732422
      },
      "sequence_prediction": {
        "mean_error": 0.4845999506386844,
        "std_error": 0.010371676450142982,
        "max_error": 0.5080011487007141
      },
      "samples_tested": 11
    },
    "distributions": {
      "prediction_stats": {
        "mean": [
          -0.020257210358977318,
          0.03169654682278633,
          -0.007439457345753908,
          0.0013496634783223271,
          -0.05232338607311249,
          0.015504846349358559,
          -0.016618533059954643,
          0.016823019832372665,
          -0.05553141608834267,
          -0.006698603741824627,
          -0.014626416377723217,
          -0.03881591185927391,
          -0.009342053905129433,
          -0.019646532833576202,
          -0.02222490683197975,
          0.04212038964033127,
          0.038242265582084656,
          0.007278546690940857,
          -0.022724293172359467,
          -0.06681281328201294,
          0.021884510293602943,
          -0.013496994972229004,
          0.025477677583694458,
          0.005330756306648254,
          0.019536087289452553,
          -0.04356739670038223,
          -0.03554869070649147,
          0.023970305919647217,
          -0.061910368502140045,
          -0.021462442353367805,
          -0.03557988628745079,
          -0.0019634508062154055,
          -0.012328497134149075,
          -0.059820640832185745,
          -0.006835353560745716,
          -0.037206705659627914,
          0.03559960797429085,
          0.007632110733538866,
          0.012089683674275875,
          -0.018731940537691116,
          -0.05951100215315819,
          -0.05512462928891182
        ],
        "std": [
          0.6078733205795288,
          0.6542638540267944,
          0.6237356066703796,
          0.633122980594635,
          0.6282998919487,
          0.6232803463935852,
          0.6503067016601562,
          0.5989030003547668,
          0.569568932056427,
          0.6064386367797852,
          0.5944716334342957,
          0.6352732181549072,
          0.597586452960968,
          0.6207340955734253,
          0.618952751159668,
          0.6132073998451233,
          0.5916651487350464,
          0.6136703491210938,
          0.5904216170310974,
          0.619718074798584,
          0.6222704648971558,
          0.6361576318740845,
          0.6201972365379333,
          0.6055894494056702,
          0.6100566387176514,
          0.6279372572898865,
          0.6082819700241089,
          0.5773756504058838,
          0.5791962146759033,
          0.6200176477432251,
          0.618455708026886,
          0.5770594477653503,
          0.6024612188339233,
          0.6258332133293152,
          0.6458631157875061,
          0.644913375377655,
          0.6070947647094727,
          0.5850673317909241,
          0.617051899433136,
          0.6251441836357117,
          0.5991102457046509,
          0.6549867391586304
        ],